city,state_admin1,population,latitude,longitude,geonameid
New York City,NY,8804190,40.71427,-74.00597,5128581
Los Angeles,CA,3820914,34.05223,-118.24368,5368361
Brooklyn,NY,2736074,40.6501,-73.94958,5110302
Chicago,IL,2664452,41.85003,-87.65005,4887398
Queens,NY,2316841,40.68149,-73.83652,5133273
Houston,TX,2314157,29.76328,-95.36327,4699066
Phoenix,AZ,1650070,33.44838,-112.07404,5308655
Philadelphia,PA,1573916,39.95238,-75.16362,4560349
San Antonio,TX,1526656,29.42412,-98.49363,4726206
Manhattan,NY,1487536,40.78343,-73.96625,5125771
San Diego,CA,1404452,32.71571,-117.16472,5391811
The Bronx,NY,1385108,40.84985,-73.86641,5110266
Dallas,TX,1326087,32.78306,-96.80667,4684888
Jacksonville,FL,1009833,30.33218,-81.65565,4160021
Fort Worth,TX,1008106,32.72541,-97.32085,4691930
San Jose,CA,997368,37.33939,-121.89496,5392171
Austin,TX,974447,30.26715,-97.74306,4671654
Columbus,OH,913175,39.96118,-82.99879,4509177
Charlotte,NC,911311,35.22709,-80.84313,4460243
Indianapolis,IN,887642,39.76838,-86.15804,4259418
San Francisco,CA,827526,37.77493,-122.41942,5391959
Seattle,WA,780995,47.60621,-122.33207,5809844
Denver,CO,729019,39.73915,-104.9847,5419384
Washington,DC,689545,38.89511,-77.03637,4140963
Nashville,TN,689447,36.16589,-86.78444,4644585
Oklahoma City,OK,681054,35.46756,-97.51643,4544349
El Paso,TX,678815,31.75872,-106.48693,5520993
Boston,MA,653833,42.35843,-71.05977,4930956
Portland,OR,652503,45.52345,-122.67621,5746545
Detroit,MI,645705,42.33143,-83.04575,4990729
Las Vegas,NV,641903,36.17497,-115.13722,5506956
New South Memphis,TN,641608,35.08676,-90.05676,4645421
Memphis,TN,633104,35.14953,-90.04898,4641239
Louisville,KY,624444,38.25424,-85.75941,4299276
Baltimore,MD,585708,39.29038,-76.61219,4347778
South Boston,MA,571281,42.33343,-71.04949,4951305
Albuquerque,NM,564559,35.08449,-106.65114,5454711
Milwaukee,WI,563531,43.0389,-87.90647,5263045
Tucson,AZ,542629,32.22174,-110.92648,5318313
Fresno,CA,542107,36.74773,-119.77237,5350937
Sacramento,CA,524943,38.58157,-121.4944,5389489
Atlanta,GA,510823,33.749,-84.38798,4180439
Miami,FL,487014,25.77427,-80.19366,4164138
Omaha,NE,486051,41.25626,-95.94043,5074472
Raleigh,NC,482295,35.7721,-78.63861,4487042
Kansas City,MO,475378,39.09973,-94.57857,4393217
Long Beach,CA,474140,33.76696,-118.18923,5367929
Mesa,AZ,471825,33.42227,-111.82264,5304391
Staten Island,NY,468730,40.56233,-74.13986,5139568
Colorado Springs,CO,456568,38.83388,-104.82136,5417598
Virginia Beach,VA,454808,36.85293,-75.97799,4791259
Oakland,CA,419267,37.80437,-122.2708,5378538
Tampa,FL,414547,27.94752,-82.45843,4174757
Tulsa,OK,413066,36.15398,-95.99277,4553433
Minneapolis,MN,410939,44.97997,-93.26384,5037649
Wichita,KS,396119,37.69224,-97.33754,4281730
Arlington,TX,388125,32.73569,-97.10807,4671240
Bakersfield,CA,373640,35.37329,-119.01871,5325738
Cleveland,OH,365379,41.4995,-81.69541,5150529
New Orleans,LA,362701,29.95465,-90.07507,4335045
Aurora,CO,359407,39.72943,-104.83192,5412347
Honolulu,HI,350964,21.30694,-157.85833,5856195
Anaheim,CA,350742,33.83529,-117.9145,5323810
West Raleigh,NC,338759,35.78682,-78.66389,4498303
Orlando,FL,334854,28.53834,-81.37924,4167147
Lexington,KY,320347,37.98869,-84.47772,4297983
Riverside,CA,317261,33.95335,-117.39616,5387877
Corpus Christi,TX,316239,27.80058,-97.39638,4683416
Lexington-Fayette,KY,314488,38.0498,-84.45855,4297999
Cincinnati,OH,311097,39.12711,-84.51439,4508722
Santa Ana,CA,310227,33.74557,-117.86783,5392900
Stockton,CA,305658,37.9577,-121.29078,5399020
Pittsburgh,PA,304391,40.44062,-79.99589,5206379
Saint Paul,MN,303176,44.94441,-93.09327,5045360
Lincoln,NE,294757,40.8,-96.66696,5072006
Anchorage,AK,289600,61.21806,-149.90028,5879400
Meads,KY,288649,38.41258,-82.70905,4300488
Henderson,NV,285667,36.0397,-114.98194,5505411
Greensboro,NC,285342,36.07264,-79.79198,4469146
Plano,TX,283558,33.01984,-96.69889,4719457
Newark,NJ,281944,40.73566,-74.17237,5101798
Madison,WI,280305,43.07305,-89.40123,5261457
St. Louis,MO,279695,38.62727,-90.19789,4407066
Chula Vista,CA,265757,32.64005,-117.0842,5336899
Toledo,OH,265638,41.66394,-83.55521,5174035
Jersey City,NJ,264290,40.72816,-74.07764,5099836
Reno,NV,264165,39.52963,-119.8138,5511077
Chandler,AZ,260828,33.30616,-111.84125,5289282
Fort Wayne,IN,260326,41.1306,-85.12886,4920423
Buffalo,NY,258071,42.88645,-78.87837,5110629
Durham,NC,257636,35.99403,-78.89862,4464368
St. Petersburg,FL,257083,27.77086,-82.67927,4171563
Irvine,CA,256927,33.66946,-117.82311,5359777
Laredo,TX,256153,27.50641,-99.50754,4705349
Lubbock,TX,249042,33.57786,-101.85517,5525577
Gilbert,AZ,247542,33.35283,-111.78903,5295903
Tri-Cities,WA,244036,46.2454,-119.19617,7289169
Winston-Salem,NC,241218,36.09986,-80.24422,4499612
Glendale,AZ,240126,33.53865,-112.18599,5295985
Norfolk,VA,238005,36.84681,-76.28522,4776222
Hialeah,FL,237069,25.8576,-80.27811,4158476
Garland,TX,236897,32.91262,-96.63888,4693003
Scottsdale,AZ,236839,33.50921,-111.89903,5313457
Irving,TX,236607,32.81402,-96.94889,4700168
Boise,ID,235684,43.6135,-116.20345,5586437
Chesapeake,VA,235429,36.81904,-76.27494,4752186
North Las Vegas,NV,234807,36.19886,-115.1175,5509403
Fremont,CA,232206,37.54827,-121.98857,5350734
Spokane,WA,229447,47.65966,-117.42908,5811696
Baton Rouge,LA,227470,30.44332,-91.18747,4315588
Upper West Side,NY,226989,40.78705,-73.97542,5142036
Richmond,VA,226610,37.55376,-77.46026,4781708
Paradise,NV,223167,36.09719,-115.14666,5509952
Tacoma,WA,222906,47.25288,-122.44429,5812944
Jamaica,NY,216866,40.69149,-73.80569,5122520
San Bernardino,CA,216108,34.10834,-117.28977,5391710
Salt Lake City,UT,215548,40.76078,-111.89105,5780993
Huntsville,AL,215006,34.7304,-86.58594,4068590
Des Moines,IA,214133,41.60054,-93.60911,4853828
Fontana,CA,212704,34.09223,-117.43505,5349755
Modesto,CA,211266,37.6391,-120.99688,5373900
Rochester,NY,209802,43.15478,-77.61556,5134086
Maryvale,AZ,208189,33.50199,-112.17765,5303929
Arlington,VA,207627,38.88101,-77.10428,4744709
Oxnard,CA,207254,34.1975,-119.17705,5380184
Columbus,GA,206922,32.46098,-84.98771,4188985
Worcester,MA,206518,42.26259,-71.80229,4956184
Moreno Valley,CA,204198,33.93752,-117.23059,5374732
Little Rock,AR,202591,34.74648,-92.28959,4119403
Fayetteville,NC,201963,35.05266,-78.87836,4466033
Huntington Beach,CA,201899,33.6603,-117.99923,5358705
Tallahassee,FL,201731,30.43826,-84.28073,4174715
Yonkers,NY,201116,40.9304,-73.89789,5145215
Glendale,CA,201020,34.14251,-118.25508,5352423
Cypress,TX,200839,29.96911,-95.69717,4684724
Aurora,IL,200661,41.76058,-88.32007,4883817
Amarillo,TX,198645,35.222,-101.8313,5516233
Akron,OH,197542,41.08144,-81.51901,5145476
Vancouver,WA,196442,45.63873,-122.66149,5814616
Birmingham,AL,196357,33.52066,-86.80249,4049979
Montgomery,AL,195287,32.36681,-86.29997,4076784
Grand Rapids,MI,195097,42.96336,-85.66809,4994358
Peoria,AZ,190985,33.5806,-112.23738,5308480
Providence,RI,190934,41.82399,-71.41283,5224151
Knoxville,TN,190740,35.96064,-83.92074,4634946
Sunrise Manor,NV,189372,36.21108,-115.07306,5513343
Grand Prairie,TX,187809,32.74596,-96.99778,4694482
Shreveport,LA,187593,32.52515,-93.75018,4341513
Brownsville,TX,186738,25.90175,-97.49748,4676740
Overland Park,KS,186515,38.98223,-94.67079,4276873
Newport News,VA,186247,36.98038,-76.42975,4776024
Mobile,AL,183289,30.69436,-88.04305,4076598
Fort Lauderdale,FL,183146,26.12231,-80.14338,4155966
Santa Clarita,CA,182371,34.39166,-118.54259,5393049
Chattanooga,TN,181099,35.04563,-85.30968,4612862
East Flatbush,NY,178464,40.65371,-73.93042,5115843
Spring Valley,NV,178395,36.10803,-115.245,5512909
Santa Rosa,CA,178127,38.44047,-122.71443,5393287
Eugene,OR,176654,44.05207,-123.08675,5725846
Tempe,AZ,175826,33.41477,-111.90931,5317058
Oceanside,CA,175691,33.19587,-117.37948,5378771
Salem,OR,175535,44.9429,-123.0351,5750162
Garden Grove,CA,175393,33.77391,-117.94145,5351515
Rancho Cucamonga,CA,175236,34.1064,-117.59311,5385955
Cape Coral,FL,175229,26.56285,-81.94953,4149962
East New York,NY,173198,40.66677,-73.88236,5115985
Sioux Falls,SD,171544,43.54369,-96.72796,5231851
Ontario,CA,171214,34.06334,-117.65089,5379439
Fort Collins,CO,170924,40.58526,-105.08442,5577147
Springfield,MO,170188,37.21533,-93.29824,4409896
Hollywood,CA,167664,34.09834,-118.32674,5357527
Elk Grove,CA,166913,38.4088,-121.37162,5346111
Clarksville,TN,166722,36.52977,-87.35945,4613868
Pembroke Pines,FL,166611,26.00315,-80.22394,4168139
Deer Valley,AZ,165656,33.68393,-112.13488,5292387
Murfreesboro,TN,165430,35.84562,-86.39027,4644312
Port Saint Lucie,FL,164603,27.29393,-80.35033,4169171
Corona,CA,164226,33.87529,-117.56644,5339631
McKinney,TX,162898,33.19762,-96.61527,4710178
Lancaster,CA,161103,34.69804,-118.13674,5364940
Cary,NC,159769,35.79154,-78.78112,4459467
Alexandria,VA,159467,38.80484,-77.04692,4744091
Tempe Junction,AZ,158368,33.41421,-111.94348,5317071
Palmdale,CA,158351,34.57943,-118.11646,5380698
Hayward,CA,158289,37.66882,-122.0808,5355933
Salinas,CA,157380,36.67774,-121.6555,5391295
Sunnyvale,CA,155805,37.36883,-122.03635,5400075
Frisco,TX,154407,33.15067,-96.82361,4692559
Springfield,MA,154341,42.10148,-72.58981,4951788
East Chattanooga,TN,154024,35.06535,-85.24912,4619947
Pasadena,TX,153784,29.69106,-95.2091,4717782
Jackson,MS,153701,32.29876,-90.18481,4431410
Pomona,CA,153266,34.05529,-117.75228,5384170
Kansas City,KS,152933,39.11417,-94.62746,4273837
Washington Heights,NY,152613,40.8501,-73.93541,5143307
Lakewood,CO,152597,39.70471,-105.08137,5427946
Escondido,CA,151038,33.11921,-117.08642,5346827
Astoria,NY,150165,40.77205,-73.93014,5107464
Hollywood,FL,149728,26.0112,-80.14949,4158928
Borough Park,NY,149248,40.63399,-73.99681,5109790
Valencia,CA,148456,34.44361,-118.60953,5405288
Rockford,IL,148278,42.27113,-89.094,4907959
East Hampton,VA,147993,37.03737,-76.33161,4756955
Joliet,IL,147861,41.52519,-88.0834,4898015
Savannah,GA,147780,32.08354,-81.09983,4221552
Paterson,NJ,147754,40.91677,-74.17181,5102466
Bridgeport,CT,147629,41.17923,-73.18945,5282804
Naperville,IL,147100,41.78586,-88.14729,4903279
Gainesville,FL,145214,29.65163,-82.32483,4156404
Mesquite,TX,144788,32.7668,-96.59916,4710826
Syracuse,NY,144142,43.04812,-76.14742,5140405
Torrance,CA,143592,33.83585,-118.34063,5403022
Surprise,AZ,143148,33.63059,-112.33322,5316428
Metairie Terrace,LA,142489,29.97854,-90.16396,4333190
Columbia,SC,142416,34.00071,-81.03481,4575352
Pasadena,CA,142250,34.14778,-118.14452,5381396
Orange,CA,140992,33.78779,-117.85311,5379513
Fullerton,CA,140847,33.87029,-117.92534,5351247
Killeen,TX,140806,31.11712,-97.7278,4703223
McAllen,TX,140269,26.20341,-98.23001,4709796
Bellevue,WA,139820,47.61038,-122.20068,5786882
Metairie,LA,138481,29.98409,-90.15285,4333177
Hampton,VA,137148,37.02987,-76.34522,4762894
Miramar,FL,137132,25.98731,-80.23227,4164601
Van Nuys,CA,136443,34.18667,-118.44897,5405693
West Valley City,UT,136208,40.69161,-112.00105,5784607
Dayton,OH,135512,39.75895,-84.19161,4509884
Olathe,KS,134305,38.8814,-94.81913,4276614
Warren,MI,134056,42.49044,-83.01304,5014051
Thornton,CO,133451,39.86804,-104.97192,5441492
Carrollton,TX,133168,32.95373,-96.89028,4679195
Charleston,SC,132609,32.77632,-79.93275,4574324
Midland,TX,132524,31.99735,-102.07791,5526337
Waco,TX,132356,31.54933,-97.14667,4739526
Sterling Heights,MI,132052,42.58031,-83.0302,5011148
Denton,TX,131044,33.21484,-97.13307,4685907
Cedar Rapids,IA,130405,42.00833,-91.64407,4850751
New Haven,CT,130322,41.30815,-72.92816,4839366
Roseville,CA,130269,38.75212,-121.28801,5388881
Visalia,CA,130104,36.33023,-119.29206,5406567
Coral Springs,FL,129485,26.27119,-80.2706,4151909
Thousand Oaks,CA,129339,34.17056,-118.83759,5402405
Columbia,MO,129330,38.95171,-92.33407,4381982
Elizabeth,NJ,129007,40.66399,-74.2107,5097598
Stamford,CT,128874,41.05343,-73.53873,4843564
Concord,CA,128667,37.97798,-122.03107,5339111
Norman,OK,128026,35.22257,-97.43948,4543762
Alhambra,AZ,127764,33.49838,-112.13432,5551123
Athens,GA,127315,33.96095,-83.37794,4180386
Kent,WA,126952,47.38093,-122.23484,5799625
Simi Valley,CA,126788,34.26945,-118.78148,5396003
East Los Angeles,CA,126496,34.0239,-118.17202,5344994
Santa Clara,CA,126215,37.35411,-121.95524,5393015
Sunset Park,NY,126000,40.64548,-74.01241,8436486
Topeka,KS,125963,39.04833,-95.67804,4280539
Abilene,TX,125182,32.44874,-99.73314,4669635
Koreatown,CA,124281,34.05779,-118.30091,5363748
Sheepshead Bay,NY,122534,40.59122,-73.94458,5137849
Amherst,NY,122366,42.97839,-78.79976,5107129
Victorville,CA,122225,34.53611,-117.29116,5406222
Vallejo,CA,121692,38.10409,-122.25664,5405380
Lafayette,LA,121374,30.22409,-92.01984,4330145
Chico,CA,121345,39.72849,-121.83748,5336269
North Stamford,CT,121230,41.13815,-73.54346,4839745
Hartford,CT,121054,41.76371,-72.68509,4835797
Berkeley,CA,120972,37.87159,-122.27275,5327684
West Palm Beach,FL,120932,26.71534,-80.05337,4177887
Allentown,PA,120207,40.60843,-75.49018,5178127
Evansville,IN,119943,37.97476,-87.55585,4257227
Palm Bay,FL,119760,28.03446,-80.58866,4167499
Fargo,ND,118523,46.87719,-96.7898,5059163
Clearwater,FL,117292,27.96585,-82.8001,4151316
Independence,MO,117255,39.09112,-94.41551,4391812
Billings,MT,117116,45.78329,-108.50069,5640350
Ann Arbor,MI,117070,42.27756,-83.74088,4984247
El Monte,CA,116732,34.06862,-118.02757,5345743
Harlem,NY,116345,40.80788,-73.94542,5120034
Westminster,CO,116317,39.83665,-105.0372,5443910
Round Rock,TX,115997,30.50826,-97.6789,4724129
Wilmington,NC,115933,34.23556,-77.94604,4499379
East Harlem,NY,115921,40.79472,-73.9425,6332428
Arvada,CO,115368,39.80276,-105.08748,5412199
Beaumont,TX,115282,30.08605,-94.10185,4672989
Provo,UT,115162,40.23384,-111.65853,5780026
Peoria,IL,115070,40.69365,-89.58899,4905687
Carlsbad,CA,114746,33.15809,-117.35059,5334223
Odessa,TX,114428,31.84568,-102.36764,5527554
Springfield,IL,114394,39.80172,-89.64371,4250542
Downey,CA,114219,33.94001,-118.13257,5343858
Elmhurst,NY,113364,40.73649,-73.87791,5116495
Costa Mesa,CA,113204,33.64113,-117.91867,5339840
Miami Gardens,FL,113187,25.94204,-80.2456,4164167
North Peoria,IL,113004,40.71754,-89.58426,4903976
Fairfield,CA,112970,38.24936,-122.03997,5347335
Lansing,MI,112644,42.73253,-84.55553,4998830
Bushwick,NY,112620,40.69427,-73.91875,5110918
Gravesend,NY,112229,40.5976,-73.96514,5119167
Rochester,MN,112225,44.02163,-92.4699,5043473
Elgin,IL,112111,42.03725,-88.28119,4890864
West Jordan,UT,111946,40.60967,-111.9391,5784549
Inglewood,CA,111666,33.96168,-118.35313,5359488
Tuscaloosa,AL,111338,33.20984,-87.56917,4094455
Richardson,TX,110815,32.94818,-96.72972,4722625
Lowell,MA,110699,42.63342,-71.31617,4942618
East Independence,MO,110675,39.09556,-94.35523,4385018
Gresham,OR,110553,45.49818,-122.43148,5729485
Antioch,CA,110542,38.00492,-121.80579,5324200
Cambridge,MA,110402,42.3751,-71.10561,4931972
High Point,NC,110268,35.95569,-80.00532,4471025
Manchester,NH,110229,42.99564,-71.45479,5089178
Temecula,CA,110003,33.49364,-117.14836,5401395
Murrieta,CA,109830,33.55391,-117.21392,5375911
Centennial,CO,109741,39.57916,-104.87692,5416541
Richmond,CA,109708,37.93576,-122.34775,5387428
Corona,NY,109698,40.74705,-73.86014,5113779
Pueblo,CO,109412,38.25445,-104.60914,5435464
Pearland,TX,108821,29.56357,-95.28605,4718097
Waterbury,CT,108802,41.55815,-73.0515,4845193
Greeley,CO,108795,40.42331,-104.70913,5577592
West Covina,CA,108484,34.06862,-117.93895,5407933
Enterprise,NV,108481,36.02525,-115.24194,5503766
North Charleston,SC,108304,32.85462,-79.97481,4589387
Everett,WA,108010,47.97898,-122.20208,5793933
College Station,TX,107889,30.62798,-96.33441,4682464
Pompano Beach,FL,107762,26.23786,-80.12477,4169014
South Fulton,GA,107436,33.59259,-84.67294,12541728
Norwalk,CA,107140,33.90224,-118.08173,5377995
Boulder,CO,106803,40.01499,-105.27055,5574991
Broken Arrow,OK,106563,36.0526,-95.79082,4531405
Daly City,CA,106562,37.70577,-122.46192,5341430
Sandy Springs,GA,105330,33.92427,-84.37854,4221333
Burbank,CA,105319,34.18084,-118.30897,5331835
Green Bay,WI,105207,44.51916,-88.01983,5254962
Santa Maria,CA,105093,34.95303,-120.43572,5393180
Universal City,CA,105000,34.1389,-118.35341,5404794
Wichita Falls,TX,104710,33.91371,-98.49339,4741752
Lakeland,FL,104401,28.03947,-81.9498,4161438
Clovis,CA,104180,36.82523,-119.70292,5338122
Lewisville,TX,104039,33.04623,-96.99417,4706057
Tyler,TX,103700,32.35126,-95.30106,4738214
El Cajon,CA,103679,32.79477,-116.96253,5345529
San Mateo,CA,103536,37.56299,-122.32553,5392423
Brandon,FL,103483,27.9378,-82.28592,4148757
Rialto,CA,103132,34.1064,-117.37032,5387288
Davenport,IA,102582,41.52364,-90.57764,4853423
Edison,NJ,102548,40.51872,-74.4121,5097529
Hillsboro,OR,102347,45.52289,-122.98983,5731371
Las Cruces,NM,101643,32.31232,-106.77834,5475352
South Bend,IN,101516,41.68338,-86.25001,4926563
Albany,NY,101228,42.65258,-73.75623,5106834
New Bedford,MA,101079,41.63526,-70.92701,4945121
Vista,CA,100890,33.20004,-117.24254,5406602
Davie,FL,100882,26.06287,-80.2331,4152820
Chinatown,CA,100574,37.7966,-122.40858,5336477
Renton,WA,100242,47.48288,-122.21707,5808189
Roanoke,VA,100011,37.27097,-79.94143,4782167
San Angelo,TX,99893,31.46377,-100.43704,5530022
Kenosha,WI,99858,42.58474,-87.82119,5258393
Clinton Township,MI,99753,42.58698,-82.91992,4989133
Columbia,MD,99615,39.24038,-76.83942,4352053
Erie,PA,99475,42.12922,-80.08506,5188843
Portsmouth Heights,VA,99049,36.82098,-76.36883,4780011
Richmond Hill,NY,98984,40.69983,-73.83125,5133825
Alief,TX,98725,29.71106,-95.59633,4670249
Spring Hill,FL,98621,28.47688,-82.52546,4173838
Compton,CA,98462,33.89585,-118.22007,5339066
League City,TX,98312,29.50745,-95.09493,4705692
Flint,MI,98310,43.01253,-83.68746,4992982
Allen,TX,98143,33.10317,-96.67055,4670300
Dorchester,MA,97826,42.29732,-71.0745,4934964
Mission Viejo,CA,97156,33.60002,-117.672,5373763
Vacaville,CA,96803,38.35658,-121.98774,5405228
Ventura,CA,96769,34.27834,-119.29317,5405878
Highlands Ranch,CO,96713,39.55388,-104.96943,5425043
Lawton,OK,96655,34.60869,-98.39033,4540737
Beaverton,OR,96577,45.48706,-122.80371,5713376
South Gate,CA,96401,33.95474,-118.21202,5397603
Portsmouth,VA,96201,36.83543,-76.29827,4779999
Sparks,NV,96094,39.53491,-119.75269,5512862
Yuma,AZ,95548,32.72532,-114.6244,5322053
Brockton,MA,95314,42.08343,-71.01838,4931429
Dearborn,MI,95171,42.32226,-83.17631,4990510
Federal Way,WA,95171,47.32232,-122.31262,5794245
Lee's Summit,MO,95094,38.91084,-94.38217,4394870
Asheville,NC,95056,35.60095,-82.55402,4453066
Spokane Valley,WA,94919,47.67323,-117.23937,5811729
Fordham,NY,94678,40.85927,-73.89847,5117549
Livonia,MI,94635,42.36837,-83.35271,4999837
Roswell,GA,94501,34.02316,-84.36159,4219934
Orem,UT,94457,40.2969,-111.69465,5779334
Fall River,MA,94000,41.70149,-71.15505,4936159
Lawrence,KS,93917,38.97167,-95.23525,4274277
The Woodlands,TX,93847,30.15799,-95.48938,4736476
West Albany,NY,93794,42.68313,-73.77845,5143620
Yakima,WA,93701,46.60207,-120.5059,5816605
Quincy,MA,93618,42.25288,-71.00227,4948247
Flatbush,NY,93361,40.65205,-73.95903,5117378
Hesperia,CA,93295,34.42639,-117.30088,5356576
Carson,CA,93281,33.83141,-118.28202,5334519
Boca Raton,FL,93235,26.35869,-80.0831,4148411
Santa Monica,CA,93220,34.01949,-118.49138,5393212
San Marcos,CA,92931,33.14337,-117.16614,5392368
Boyle Heights,CA,92785,34.0339,-118.20535,5330413
Plantation,FL,92560,26.13421,-80.23184,4168782
Lynn,MA,92457,42.46676,-70.94949,4942807
Miami Beach,FL,92312,25.79065,-80.13005,4164143
Arden-Arcade,CA,92186,38.6025,-121.37854,7260806
Westminster,CA,92114,33.75918,-118.00673,5408406
Longmont,CO,92088,40.16721,-105.10193,5579276
Santa Barbara,CA,91842,34.42083,-119.69819,5392952
Redding,CA,91582,40.58654,-122.39168,5570160
Macon,GA,91351,32.84069,-83.6324,4207400
Meridian,ID,90739,43.61211,-116.39151,5600685
San Leandro,CA,90712,37.72493,-122.15608,5392263
Greenville,NC,90597,35.61266,-77.36635,4469160
Edmond,OK,90092,35.65283,-97.4781,4535740
Chinatown,NY,90000,40.71649,-73.99625,5112540
Nampa,ID,89839,43.54072,-116.56346,5601933
Trenton,NJ,89620,40.21705,-74.74294,5105496
Sandy Hills,UT,89575,40.58106,-111.85077,5781070
Newton,MA,88817,42.33704,-71.20922,4945283
Toms River,NJ,88791,39.95373,-74.19792,4504476
Carmel,IN,88713,39.97837,-86.11804,4255466
Norwalk,CT,88485,41.1176,-73.4079,4839822
Waukegan,IL,88475,42.36363,-87.84479,4915734
Deltona,FL,88474,28.90054,-81.26367,4153146
Hawthorne,CA,88451,33.9164,-118.35257,5355828
Fort Smith,AR,88194,35.38592,-94.39855,4111410
Suffolk,VA,88161,36.72836,-76.58496,4788158
Sugar Land,TX,88156,29.61968,-95.63495,4734825
Livermore,CA,88126,37.68187,-121.76801,5367440
Nashua,NH,87970,42.76537,-71.46757,5090046
Reading,PA,87879,40.33565,-75.92687,5207728
Concord,NC,87696,35.40888,-80.58158,4461574
Indio,CA,87533,33.7207,-116.21677,5359446
Rio Rancho,NM,87521,35.23338,-106.66447,5487811
Enchanted Hills,NM,87521,35.33676,-106.59296,7839240
Santa Fe,NM,87505,35.68698,-105.9378,5490263
Sandy,UT,87461,40.59161,-111.8841,5781061
Whittier,CA,87438,33.97918,-118.03284,5409059
Canarsie,NY,87366,40.64372,-73.90069,5111412
Kirkland,WA,87281,47.68149,-122.20874,5799841
Menifee,CA,87174,33.72835,-117.14642,5372205
Newport Beach,CA,87127,33.61891,-117.92895,5376890
Tracy,CA,87075,37.73987,-121.42618,5403191
Citrus Heights,CA,87056,38.70712,-121.28106,5337561
Bend,OR,87014,44.05817,-121.31531,5713587
Canton,MI,86825,42.30865,-83.48216,4987990
Lehigh Acres,FL,86784,26.62535,-81.6248,4161785
Greenburgh,NY,86764,41.03287,-73.84291,5119347
Bloomington,MN,86435,44.8408,-93.29828,5018739
West Town,IL,86429,41.89381,-87.67493,4916118
Germantown,MD,86395,39.17316,-77.27165,4356050
Clifton,NJ,86334,40.85843,-74.16376,5096699
Duluth,MN,86110,46.78327,-92.10658,5024719
Champaign,IL,86096,40.11642,-88.24338,4887158
Near North Side,IL,85711,41.90003,-87.6345,4903360
Chino,CA,85595,34.01223,-117.68894,5336537
Alhambra,CA,85551,34.09529,-118.12701,5323060
Ogden,UT,85444,41.223,-111.97383,5779206
Redwood City,CA,85288,37.48522,-122.23635,5386834
Bellingham,WA,85146,48.75955,-122.48822,5786899
O'Fallon,MO,85040,38.81061,-90.69985,4401242
Hoover,AL,84848,33.40539,-86.81138,4067994
Melbourne,FL,84678,28.08363,-80.60811,4163971
Danbury,CT,84657,41.39482,-73.45401,4832353
East Norwalk,CT,84530,41.10565,-73.39845,4833505
Edinburg,TX,84497,26.30174,-98.16334,4688275
Sunrise,FL,84439,26.13397,-80.1131,4174402
Bloomington,IN,84067,39.16533,-86.52639,4254679
Cicero,IL,83886,41.84559,-87.75394,4888015
Hemet,CA,83861,33.74761,-116.97307,5356277
San Pedro,CA,83556,33.73585,-118.29229,5392528
Ahwatukee Foothills,AZ,83464,33.34171,-111.98403,5552450
Johns Creek,GA,83335,34.02893,-84.19858,6331909
Mission,TX,83298,26.21591,-98.32529,4711725
Troy,MI,83280,42.60559,-83.14993,5012639
Buena Park,CA,83270,33.86751,-117.99812,5331575
Mid-City,CA,83000,34.04126,-118.36058,13157343
Palm Coast,FL,82893,29.58497,-81.20784,4167538
Fayetteville,AR,82830,36.06258,-94.15743,4110486
Sioux City,IA,82821,42.49999,-96.40031,4876523
Lake Forest,CA,82492,33.64697,-117.68922,5364514
Merced,CA,82436,37.30216,-120.48297,5372253
Longview,TX,82287,32.5007,-94.74049,4707814
Bryan,TX,82118,30.67436,-96.36996,4677008
Westland,MI,82000,42.3242,-83.40021,5014681
Warwick,RI,81699,41.7001,-71.41617,5225507
Lakewood,CA,81611,33.85363,-118.13396,5364855
Farmington Hills,MI,81330,42.48531,-83.37716,4992523
San Tan Valley,AZ,81321,33.1911,-111.528,7310164
Mount Pleasant,SC,81317,32.79407,-79.86259,4588165
Cranston,RI,81073,41.77982,-71.43728,5221659
Largo,FL,81000,27.90979,-82.78842,4161580
Homestead,FL,80737,25.46872,-80.47756,4159050
South Suffolk,VA,80690,36.71709,-76.59023,4786714
Avondale,AZ,80684,33.4356,-112.3496,5552301
Tustin,CA,80583,33.74585,-117.82617,5404119
Mountain View,CA,80435,37.38605,-122.08385,5375480
Napa,CA,80434,38.29714,-122.28553,5376095
Somerville,MA,80318,42.3876,-71.0995,4951257
Kendall,FL,80241,25.67927,-80.31727,4160711
Lawrence,MA,80231,42.70704,-71.16311,4941720
Parma,OH,79937,41.40477,-81.72291,5166177
New Rochelle,NY,79846,40.91149,-73.78235,5128549
Lynchburg,VA,79812,37.41375,-79.14225,4771075
Medford,OR,79805,42.32652,-122.87559,5740099
Deerfield Beach,FL,79768,26.31841,-80.09977,4153071
Sylmar,CA,79614,34.30778,-118.44925,5400784
Pleasanton,CA,79510,37.66243,-121.87468,5383777
Belmont Cragin,IL,79159,41.9317,-87.76867,4884442
Brooklyn Park,MN,79149,45.09413,-93.35634,5019335
Goodyear,AZ,79003,33.43532,-112.35821,5296266
Kennewick,WA,78896,46.21125,-119.13723,5799610
Alameda,CA,78630,37.77099,-122.26087,5322737
Town 'n' Country,FL,78442,28.01057,-82.57732,4175538
Bellflower,CA,78441,33.88168,-118.11701,5327422
Chino Hills,CA,78309,33.9938,-117.75888,5336545
Bloomington,IL,78292,40.4842,-88.99369,4885164
Alafaya,FL,78113,28.5641,-81.2114,6332439
Springdale,AR,77859,36.18674,-94.12881,4132093
Racine,WI,77742,42.72613,-87.78285,5268249
Hammond,IN,77614,41.58337,-87.50004,4921100
Milpitas,CA,77604,37.42827,-121.90662,5373327
Gary,IN,77156,41.59337,-87.34643,4920607
Scranton,PA,77118,41.40916,-75.6649,5211303
Baldwin Park,CA,77071,34.08529,-117.9609,5325866
Auburn,WA,77006,47.30732,-122.22845,5785965
Fishers,IN,76794,39.95559,-86.01387,4257494
Saint Joseph,MO,76780,39.76861,-94.84663,4407010
Pharr,TX,76538,26.1948,-98.18362,4718721
Upland,CA,76443,34.09751,-117.64839,5404915
Folsom,CA,76375,38.67796,-121.17606,5349705
Baytown,TX,76335,29.7355,-94.97743,4672731
San Ramon,CA,76134,37.77993,-121.97802,5392593
Camden,NJ,76119,39.92595,-75.11962,4501018
Lake Charles,LA,76070,30.21309,-93.2044,4330236
Kalamazoo,MI,76041,42.29171,-85.58723,4997787
Brick,NJ,76021,40.05928,-74.13708,5095947
Arlington Heights,IL,75926,42.08836,-87.98063,4883555
Plymouth,MN,75907,45.01052,-93.45551,5041926
South Ozone Park,NY,75878,40.6701,-73.81902,5138950
Doral,FL,75874,25.81954,-80.35533,4153471
Waterford,MI,75737,42.69303,-83.41181,5014130
Evanston,IL,75527,42.04114,-87.69006,4891382
Manteca,CA,75448,37.79743,-121.21605,5370164
Wyoming,MI,75275,42.91336,-85.70531,5015618
Loveland,CO,75182,40.39776,-105.07498,5579368
Cheektowaga,NY,75178,42.90339,-78.75475,5112375
Kings Bridge,NY,75132,40.87871,-73.90514,5123443
Bismarck,ND,75092,46.80833,-100.78374,5688025
Perris,CA,74971,33.78252,-117.22865,5382146
Bethlehem,PA,74892,40.62593,-75.37046,5180225
Albany,GA,74843,31.57851,-84.15574,4179320
Schaumburg,IL,74693,42.03336,-88.08341,4910713
Gastonia,NC,74543,35.26208,-81.1873,4467732
Brownsville,NY,74497,40.66094,-73.92014,5110446
Union City,CA,74494,37.59577,-122.01913,5404555
Bolingbrook,IL,74306,41.69864,-88.0684,4885265
Iowa City,IA,74220,41.66113,-91.53017,4862034
Layton,UT,74143,41.06022,-111.97105,5777107
Missouri City,TX,74139,29.61857,-95.53772,4711801
Appleton,WI,74139,44.26193,-88.41538,5244080
Shelby,MI,74099,42.67087,-83.03298,5009586
Fort Myers,FL,74013,26.62168,-81.84059,4155995
Boynton Beach,FL,73966,26.52535,-80.06643,4148677
Jonesboro,AR,73907,35.8423,-90.70428,4116834
South Lawndale,IL,73826,41.84364,-87.71255,4911951
Logan Square,IL,73702,41.92337,-87.69922,4900358
Rapid City,SD,73569,44.08054,-103.23101,5768233
Warner Robins,GA,73490,32.61574,-83.62664,4229476
Rochester Hills,MI,73424,42.65837,-83.14993,5007402
Decatur,IL,73254,39.84031,-88.9548,4236895
Southfield,MI,73156,42.47337,-83.22187,5010636
Saint George,UT,72897,37.10415,-113.58412,5546220
New Britain,CT,72808,41.66121,-72.77954,4839292
Daytona Beach,FL,72647,29.21081,-81.02283,4152872
Franklin,TN,72639,35.92506,-86.86889,4623560
Turlock,CA,72292,37.49466,-120.84659,5404024
Temple,TX,72277,31.09823,-97.34278,4735966
West Ridge,IL,72211,41.99975,-87.69284,4916079
Apple Valley,CA,72174,34.50083,-117.18588,5324363
Lynwood,CA,71989,33.93029,-118.21146,5369367
Waukesha,WI,71970,43.01168,-88.23148,5278052
Canton,OH,71885,40.79895,-81.37845,5149222
Gulfport,MS,71856,30.36742,-89.09282,4428667
Pawtucket,RI,71591,41.87871,-71.38256,5223869
Lauderhill,FL,71579,26.14036,-80.21338,4161625
Rock Hill,SC,71548,34.92487,-81.02508,4593142
Silver Spring,MD,71452,38.99067,-77.02609,4369596
West Gulfport,MS,71329,30.40409,-89.0942,4450687
Flower Mound,TX,71253,33.01457,-97.09696,4691585
Centreville,VA,71135,38.84039,-77.42888,4751839
Lafayette,IN,71111,40.4167,-86.87529,4922462
Passaic,NJ,71085,40.85677,-74.12848,5102443
Riverview,FL,71050,27.86614,-82.32648,4170156
Redlands,CA,71035,34.05557,-117.18254,5386754
Missoula,MT,71022,46.87215,-113.994,5666639
Rancho Cordova,CA,71017,38.58907,-121.30273,5385941
Wilmington,DE,70898,39.74595,-75.54659,4145381
New Braunfels,TX,70543,29.703,-98.12445,4714131
Cherry Hill,NJ,70475,39.93484,-75.03073,4501198
Flagstaff,AZ,70320,35.19807,-111.65127,5294810
Muncie,IN,70087,40.19338,-85.38636,4924006
Mira Mesa,CA,70000,32.9156,-117.14392,5373497
Woodland Hills,CA,70000,34.16834,-118.60592,5410438
Weston,FL,69959,26.10037,-80.39977,4178003
Frederick,MD,69479,39.41427,-77.41054,4355585
Pasco,WA,69451,46.23958,-119.10057,5806298
Pittsburg,CA,69424,38.02798,-121.88468,5383465
Ridgewood,NY,69317,40.7001,-73.90569,5133858
Palatine,IL,69308,42.1103,-88.03424,4905211
North Richland Hills,TX,69204,32.8343,-97.2289,4715292
Union City,NJ,69156,40.77955,-74.02375,5105634
Kissimmee,FL,69152,28.30468,-81.41667,4160983
Walnut Creek,CA,68910,37.90631,-122.06496,5406990
Cordova,TN,68779,35.15565,-89.7762,4050552
Mount Vernon,NY,68628,40.9126,-73.83708,5127835
Conroe,TX,68602,30.31188,-95.45605,4682991
Dothan,AL,68567,31.22323,-85.39049,4059102
Northridge,CA,68469,34.22834,-118.53675,5377985
Waterloo,IA,68460,42.49276,-92.34296,4880889
Maple Grove,MN,68385,45.07246,-93.45579,5036493
Framingham,MA,68318,42.27926,-71.41617,4937230
Redondo Beach,CA,68166,33.84918,-118.38841,5386785
Bossier City,LA,68094,32.51599,-93.73212,4317639
Yorba Linda,CA,67973,33.88863,-117.81311,5410902
Woodbury,MN,67855,44.92386,-92.95938,5053358
Eau Claire,WI,67778,44.81135,-91.49849,5251436
Waldorf,MD,67752,38.62456,-76.93914,4372599
Forest Hills,NY,67714,40.71621,-73.85014,5117575
Davis,CA,67666,38.54491,-121.74052,5341704
Glen Burnie,MD,67639,39.16261,-76.62469,4356188
Camarillo,CA,67608,34.21639,-119.0376,5333180
Victoria,TX,67574,28.80527,-97.0036,4739157
Gaithersburg,MD,67456,39.14344,-77.20137,4355843
Jacksonville,NC,67357,34.75405,-77.43024,4473083
South San Francisco,CA,67271,37.65466,-122.40775,5397765
Kenner,LA,67091,29.99409,-90.24174,4329753
Jackson Heights,NY,67067,40.75566,-73.88541,5122477
Rockville,MD,66980,39.084,-77.15276,4367175
Jackson,TN,66975,35.61452,-88.81395,4632595
Lincoln Park,IL,66959,41.9217,-87.64783,4899911
Yuba City,CA,66941,39.14045,-121.61691,5411015
Portland,ME,66881,43.65737,-70.2589,4975802
Palo Alto,CA,66853,37.44188,-122.14302,5380748
Casas Adobes,AZ,66795,32.32341,-110.9951,5288661
Marysville,WA,66773,48.05176,-122.17708,5802570
South Jordan,UT,66648,40.56217,-111.92966,5781770
Oshkosh,WI,66555,44.02471,-88.54261,5265838
North Little Rock,AR,66504,34.76954,-92.26709,4124112
Bayside,NY,66455,40.76844,-73.77708,5108193
Bayonne,NJ,66311,40.66871,-74.11431,5095445
Eagan,MN,66286,44.80413,-93.16689,5024825
Delray Beach,FL,66255,26.46146,-80.07282,4153132
Johnson City,TN,66027,36.31344,-82.35347,4633419
Dale City,VA,65969,38.63706,-77.31109,4755158
Cedar Park,TX,65945,30.5052,-97.82029,4679867
Parkchester,NY,65876,40.83899,-73.86041,5130572
Atascocita,TX,65844,29.99883,-95.1766,4671524
Saint Cloud,MN,65842,45.5608,-94.16249,5044407
Ellicott City,MD,65834,39.26733,-76.79831,4354265
Laguna Niguel,CA,65806,33.52253,-117.70755,5364329
Saint Charles,MO,65794,38.78394,-90.48123,4406831
Harlingen,TX,65774,26.19063,-97.6961,4696233
San Clemente,CA,65526,33.42697,-117.61199,5391791
West Lynchburg,VA,65517,37.4032,-79.17808,4792867
Middletown,NJ,65490,40.39428,-74.11709,5101170
Framingham Center,MA,65413,42.29732,-71.43701,4937232
Schenectady,NY,65305,42.81424,-73.93957,5136454
Cheyenne,WY,65132,41.13998,-104.82025,5821086
Broomfield,CO,65065,39.92054,-105.08665,5415035
Ames,IA,65060,42.03471,-93.61994,4846834
Park Slope,NY,65047,40.6701,-73.98597,5130561
Shawnee,KS,65046,39.04167,-94.72024,4279247
Reseda,CA,65000,34.20112,-118.53647,5387152
Conway,AR,64980,35.0887,-92.4421,4106458
East Orange,NJ,64949,40.76732,-74.20487,5097441
Portage Park,IL,64841,41.95781,-87.76506,4906500
Skokie,IL,64821,42.03336,-87.73339,4911600
West Bloomfield Township,MI,64690,42.56891,-83.38356,7259621
Tamarac,FL,64681,26.21286,-80.24977,4174738
Youngstown,OH,64628,41.09978,-80.64952,5177568
Lodi,CA,64596,38.1302,-121.27245,5367565
North Hollywood,CA,64587,34.17223,-118.37897,5377654
Greenville,SC,64579,34.85262,-82.39401,4580543
Mansfield,TX,64274,32.56319,-97.14168,4709013
Santa Cruz,CA,64220,36.97412,-122.0308,5393052
Pico Rivera,CA,64218,33.98307,-118.09673,5382496
Madera,CA,64208,36.96134,-120.06072,5369568
Janesville,WI,64123,42.68279,-89.01872,5257754
West Des Moines,IA,64113,41.57721,-93.71133,4881346
Montebello,CA,63921,34.00946,-118.10535,5374322
Georgetown,TX,63716,30.63269,-97.67723,4693342
Alpharetta,GA,63693,34.07538,-84.29409,4179574
Lorain,OH,63647,41.45282,-82.18237,5161262
Bowling Green,KY,63616,36.99032,-86.4436,4285268
Flatlands,NY,63601,40.62122,-73.93486,5117388
Dundalk,MD,63597,39.25066,-76.52052,4353765
Eden Prairie,MN,63496,44.85469,-93.47079,5025219
North Bergen,NJ,63484,40.80427,-74.01208,5101879
Florence-Graham,CA,63387,33.96772,-118.24438,7261268
Waltham,MA,63378,42.37649,-71.23561,4954380
West Hartford,CT,63268,41.76204,-72.74204,4845411
Rogers,AR,63159,36.33202,-94.11854,4128894
Carol City,FL,63031,25.94065,-80.2456,4150066
Encinitas,CA,62930,33.03699,-117.29198,5346646
East Village,NY,62832,40.72927,-73.98736,5116093
Haverhill,MA,62765,42.7762,-71.07728,4939085
Jupiter,FL,62707,26.93422,-80.09421,4160610
Council Bluffs,IA,62597,41.26194,-95.86083,4852832
Wellington,FL,62560,26.65868,-80.24144,4177703
West Coon Rapids,MN,62528,45.15969,-93.34967,5052361
North Miami,FL,62435,25.89009,-80.18671,4166232
Hamilton,OH,62407,39.3995,-84.56134,4513575
North Port,FL,62345,27.04422,-82.23593,4166274
Tulare,CA,62315,36.20773,-119.34734,5403783
Coon Rapids,MN,62240,45.11997,-93.28773,5022025
Millcreek,UT,62139,40.68689,-111.87549,5778352
La Habra,CA,62131,33.93196,-117.94617,5363922
Blaine,MN,62124,45.1608,-93.23495,5018651
Auburn,AL,62059,32.60986,-85.48078,4830796
Lake Elsinore,CA,61981,33.66808,-117.32726,5364499
Carmichael,CA,61762,38.61713,-121.32828,5334336
Taylor,MI,61568,42.24087,-83.26965,5011908
Burnsville,MN,61481,44.76774,-93.27772,5019767
Monterey Park,CA,61468,34.06251,-118.12285,5374406
Castro Valley,CA,61388,37.6941,-122.08635,5334928
Irvington,NJ,61323,40.73232,-74.23487,5099724
Rocklin,CA,61213,38.79073,-121.23578,5388319
Utica,NY,61100,43.1009,-75.23266,5142056
Malden,MA,61068,42.4251,-71.06616,4942939
National City,CA,61060,32.67811,-117.0992,5376200
Financial District,NY,60976,40.70789,-74.00857,8436473
Springfield,OR,60870,44.04624,-123.02203,5754005
Bethesda,MD,60858,38.98067,-77.10026,4348599
Terre Haute,IN,60825,39.4667,-87.41391,4265737
Vineland,NJ,60818,39.48623,-75.02573,4504621
West Hollywood,FL,60806,26.02065,-80.18394,4177834
San Marcos,TX,60684,29.88327,-97.94139,4726491
Brentwood,NY,60664,40.78121,-73.24623,5110077
Lakeville,MN,60633,44.64969,-93.24272,5034059
West Allis,WI,60620,43.01668,-88.00703,5278420
Redmond,WA,60598,47.67399,-122.12151,5808079
Canoga Park,CA,60578,34.20112,-118.59814,5333913
Cupertino,CA,60572,37.323,-122.03218,5341145
Taylorsville,UT,60514,40.66772,-111.93883,5782476
Bristol,CT,60452,41.67176,-72.94927,5282835
Moore,OK,60451,35.33951,-97.4867,4542975
Gardena,CA,60447,33.88835,-118.30896,5351549
Petaluma,CA,60438,38.23242,-122.63665,5382232
Bensalem,PA,60427,40.10455,-74.95128,5179995
Grand Junction,CO,60358,39.06387,-108.55065,5423573
Casper,WY,60285,42.86663,-106.31308,5820705
Rowlett,TX,60236,32.9029,-96.56388,4724194
La Mesa,CA,60089,32.76783,-117.02308,5363990
Pine Hills,FL,60076,28.55778,-81.4534,4168459
Valley Glen,CA,60000,34.18568,-118.42032,11838960
Bensonhurst,NY,60000,40.60177,-73.99403,5108815
Coney Island,NY,60000,40.57788,-73.99403,5113481
Rancho Penasquitos,CA,60000,32.95949,-117.11531,5386039
Meriden,CT,59988,41.53815,-72.80704,4838524
Pontiac,MI,59917,42.63892,-83.29105,5006166
Port Orange,FL,59866,29.13832,-80.99561,4169156
Hamden,CT,59847,41.39593,-72.89677,4835654
Lakewood,WA,59829,47.17176,-122.51846,5800420
Fountainebleau,FL,59764,25.77288,-80.34783,4156091
Saint Clair Shores,MI,59715,42.49698,-82.88881,5010978
Springfield,OH,59680,39.92423,-83.80882,4525353
Great Falls,MT,59638,47.50024,-111.30081,5655240
Chapel Hill,NC,59568,35.9132,-79.05584,4460162
Canyon Country,CA,59530,34.42333,-118.47203,5333944
Huntington Park,CA,59430,33.98168,-118.22507,5358736
Lancaster,PA,59339,40.03788,-76.30551,5197079
Coconut Creek,FL,59302,26.25175,-80.17894,4151455
Leander,TX,59202,30.57881,-97.85307,4705708
Idaho Falls,ID,59184,43.46658,-112.03414,5596475
San Rafael,CA,59162,37.97353,-122.53109,5392567
Noblesville,IN,59093,40.04559,-86.0086,4924198
Marietta,GA,59067,33.9526,-84.54993,4207783
Fairfield,CT,59052,41.14121,-73.26373,4834157
Owensboro,KY,59042,37.77422,-87.11333,4303436
Eastvale,CA,59039,33.96358,-117.56418,8096217
Royal Oak,MI,59008,42.48948,-83.14465,5007804
Brentwood,CA,58968,37.93187,-121.69579,5330642
Dubuque,IA,58799,42.50056,-90.66457,4854529
Brookline,MA,58732,42.33176,-71.12116,4931482
Novi,MI,58723,42.48059,-83.47549,5004062
Des Plaines,IL,58677,42.03336,-87.8834,4889772
Carson City,NV,58639,39.1638,-119.7674,5501344
Orland Park,IL,58619,41.63031,-87.85394,4904937
Bartlett,TN,58579,35.20453,-89.87398,4604183
Woodland,CA,58567,38.67852,-121.7733,5410430
Lehi,UT,58486,40.39162,-111.85077,5777224
White Plains,NY,58459,41.03399,-73.76291,5144336
Arcadia,CA,58408,34.13973,-118.03534,5324477
Reston,VA,58404,38.96872,-77.3411,4781530
Ocala,FL,58218,29.1872,-82.14009,4166673
Clay,NY,58206,43.1859,-76.17243,5112861
Central City,AZ,58161,33.44001,-112.05805,11979238
South Vineland,NJ,58122,39.44595,-75.02879,4504225
Sanford,FL,58111,28.80055,-81.27312,4172086
Bowie,MD,58025,38.94278,-76.73028,4349159
Kokomo,IN,57995,40.48643,-86.1336,4922388
Wayne,NJ,57915,40.92538,-74.27654,5106160
Santee,CA,57787,32.83838,-116.97392,5393429
Dublin,CA,57721,37.70215,-121.93579,5344157
Palm Harbor,FL,57439,28.07807,-82.76371,4167545
Medford,MA,57403,42.41843,-71.10616,4943629
Midwest City,OK,57249,35.44951,-97.3967,4542765
Center City,PA,57239,39.9512,-75.15923,9958118
Margate,FL,57234,26.24453,-80.20644,4163407
South Whittier,CA,57156,33.95015,-118.03917,5397841
Tinley Park,IL,57143,41.57337,-87.78449,4913723
Pflugerville,TX,57122,30.43937,-97.62,4718711
New Brunswick,NJ,57035,40.48622,-74.45182,5101717
Grand Forks,ND,57011,47.92526,-97.03285,5059429
Fountain Valley,CA,56987,33.70918,-117.95367,5350207
North Hills,CA,56946,34.23639,-118.48472,5394409
Diamond Bar,CA,56897,34.02862,-117.81034,5342992
Taunton,MA,56789,41.9001,-71.08977,4952629
Oak Lawn,IL,56781,41.71087,-87.75811,4904365
Union,NJ,56771,40.6976,-74.2632,5105608
Ankeny,IA,56764,41.72971,-93.60577,4846960
Chicopee,MA,56741,42.1487,-72.60787,4933002
Irving Park,IL,56520,41.95336,-87.73645,4897543
Berwyn,IL,56368,41.85059,-87.79367,4884597
Manhattan,KS,56308,39.18361,-96.57167,4274994
Kendale Lakes,FL,56148,25.70816,-80.407,4160705
Smyrna,GA,56146,33.88399,-84.51438,4223379
Dearborn Heights,MI,56145,42.33698,-83.27326,4990512
Porterville,CA,56058,36.06523,-119.01677,5384471
Piscataway,NJ,56044,40.49927,-74.39904,5102713
Hendersonville,TN,56018,36.30477,-86.62,4628735
Morningside Heights,NY,55929,40.81,-73.9625,6332422
Rocky Mount,NC,55806,35.93821,-77.79053,4488762
Corvallis,OR,55780,44.56457,-123.26204,5720727
Olympia,WA,55733,47.04491,-122.90169,5805687
Valdosta,GA,55724,30.83334,-83.28032,4228147
Hanford,CA,55659,36.32745,-119.64568,5355180
Castle Rock,CO,55591,39.37221,-104.85609,5416329
Greenwood,IN,55586,39.61366,-86.10665,4258313
Chicago Lawn,IL,55551,41.77503,-87.69644,4887463
Hempstead,NY,55547,40.70621,-73.61874,5120478
Novato,CA,55530,38.10742,-122.5697,5378044
Kettering,OH,55525,39.6895,-84.16883,4515843
Bellevue,NE,55510,41.13667,-95.89084,5063805
Shoreline,WA,55439,47.75565,-122.34152,5810301
Decatur,AL,55437,34.60593,-86.98334,4058553
Paramount,CA,55412,33.88946,-118.15979,5381110
Port Arthur,TX,55340,29.88519,-93.94233,4720039
Abington,PA,55310,40.12067,-75.11795,5177773
Anderson,IN,55305,40.10532,-85.68025,4917592
Tamiami,FL,55271,25.75871,-80.39839,4174744
Towson,MD,55197,39.4015,-76.60191,4371582
North Chicopee,MA,55179,42.18343,-72.59953,4945588
Uptown,IL,55137,41.9659,-87.65262,4914557
Sarasota,FL,55118,27.33643,-82.53065,4172131
Cypress Hills,NY,54944,40.67705,-73.89125,5114418
West Haven,CT,54927,41.27065,-72.94705,4845419
Rosemead,CA,54908,34.08057,-118.07285,5388867
Edgewater,IL,54873,41.98337,-87.66395,4890701
Jackson,NJ,54856,39.7765,-74.86238,4502434
Highland,CA,54854,34.12834,-117.20865,5356868
Mount Prospect,IL,54747,42.06642,-87.93729,4903024
Colton,CA,54621,34.0739,-117.31365,5338783
Encanto,AZ,54614,33.47937,-112.07823,11979227
Pocatello,ID,54441,42.8713,-112.44553,5604045
Bradenton,FL,54437,27.49893,-82.57482,4148708
Rogers Park,IL,54402,42.00864,-87.66672,4908033
Weymouth,MA,54395,42.22093,-70.93977,4955336
Port Charlotte,FL,54392,26.97617,-82.09064,4169130
Normal,IL,54373,40.5142,-88.99063,4903780
Spring,TX,54298,30.07994,-95.41716,4733624
Allapattah,FL,54289,25.81454,-80.22394,4145805
Richland,WA,54248,46.28569,-119.28446,5808276
Euless,TX,54219,32.83707,-97.08195,4689550
Blue Springs,MO,54148,39.01695,-94.28161,4377664
East Pensacola Heights,FL,54104,30.42881,-87.17997,4154047
Hacienda Heights,CA,54038,33.99307,-117.96868,5354819
Ozone Park,NY,53985,40.67677,-73.84375,5130334
Briarwood,NY,53877,40.70935,-73.81529,6640032
Cathedral City,CA,53826,33.77974,-116.46529,5335006
Lakewood,NJ,53805,40.09789,-74.21764,5100280
Elyria,OH,53775,41.36838,-82.10765,5153207
Pensacola,FL,53724,30.42131,-87.21691,4168228
Wheaton,IL,53715,41.86614,-88.10701,4916288
Commerce City,CO,53696,39.80832,-104.93387,5417737
Hoboken,NJ,53635,40.74399,-74.03236,5099133
Watsonville,CA,53628,36.91023,-121.75689,5407529
Lake Havasu City,AZ,53553,34.4839,-114.32245,5301388
Little Havana,FL,53430,25.76806,-80.23306,6332582
Revere,MA,53422,42.40843,-71.01199,4832294
West New York,NJ,53366,40.78788,-74.01431,5106292
Yucaipa,CA,53328,34.03363,-117.04309,5411046
Gilroy,CA,53231,37.00578,-121.56828,5352214
Poinciana,FL,53193,28.14029,-81.45841,4168930
University of Texas,TX,53082,30.28604,-97.73889,4738604
Kingsport,TN,53014,36.54843,-82.56182,4634662
Levittown,PA,52983,40.15511,-74.82877,5197796
Palm Beach Gardens,FL,52923,26.82339,-80.13865,4167519
Milford,CT,52759,41.22232,-73.0565,4838652
Delano,CA,52733,35.76884,-119.24705,5342485
West Sacramento,CA,52721,38.58046,-121.53023,5408211
Huntersville,NC,52704,35.41069,-80.84285,4472370
Perth Amboy,NJ,52682,40.50677,-74.26542,5102578
Sherman Oaks,CA,52677,34.15112,-118.44925,5395244
Southaven,MS,52589,34.98898,-90.01259,4446675
Saint Peters,MO,52575,38.80033,-90.62651,4407237
Downtown DC,DC,52560,38.8935,-77.01991,13526890
Harrisonburg,VA,52538,38.44957,-78.86892,4763231
Peabody,MA,52504,42.52787,-70.92866,4946863
Placentia,CA,52495,33.87224,-117.87034,5383527
Lenexa,KS,52490,38.95362,-94.73357,4274356
DeSoto,TX,52486,32.58986,-96.85695,4685524
Burlington,NC,52472,36.09569,-79.4378,4458228
South Hill,WA,52431,47.14121,-122.27012,5811456
Elkhart,IN,52348,41.68199,-85.97667,4919987
La Crosse,WI,52306,43.80136,-91.23958,5258957
Oak Park,IL,52287,41.88503,-87.7845,4904381
Florissant,MO,52268,38.78922,-90.32261,4386802
Sammamish,WA,52253,47.64177,-122.0804,5809402
Wakefield,NY,52201,40.89788,-73.85236,5143056
Albany,OR,52175,44.63651,-123.10593,5710756
Hoffman Estates,IL,52138,42.04281,-88.0798,4896075
Albany Park,IL,52079,41.96836,-87.72339,4883012
Methuen,MA,52044,42.7262,-71.19089,4943828
Glendora,CA,52009,34.13612,-117.86534,5352439
Wilmington,CA,52000,33.78002,-118.26257,5409802
Queens Village,NY,51919,40.72677,-73.74152,5133271
Brookhaven,GA,51910,33.85844,-84.3402,4184530
Levittown,NY,51881,40.72593,-73.51429,5124276
Palm Desert,CA,51869,33.72255,-116.37697,5380626
Joplin,MO,51818,37.08423,-94.51328,4392768
Enid,OK,51776,36.39559,-97.87839,4535961
Bonita Springs,FL,51704,26.33981,-81.7787,4148533
Irondequoit,NY,51692,43.2134,-77.57972,5122331
Caldwell,ID,51686,43.66294,-116.68736,5587698
Minnetonka,MN,51669,44.9133,-93.50329,5037784
Pinellas Park,FL,51617,27.8428,-82.69954,4168630
Battle Creek,MI,51589,42.3173,-85.17816,4985153
Casa Grande,AZ,51460,32.8795,-111.75735,5288636
South Shore,IL,51451,41.76198,-87.57783,4912013
Mott Haven,NY,51450,40.80899,-73.92291,5127670
The Villages,FL,51442,28.93408,-81.95994,4175179
Grand Island,NE,51440,40.92501,-98.34201,5069297
Grapevine,TX,51404,32.93429,-97.07807,4694568
Stratford,CT,51384,41.18454,-73.13317,4843811
Kentwood,MI,51357,42.86947,-85.64475,4998018
City of Milford (balance),CT,51271,41.22374,-73.06164,7160204
Tigard,OR,51253,45.43123,-122.77149,5756758
East Hartford,CT,51252,41.78232,-72.61203,4833403
Apple Valley,MN,51221,44.73191,-93.21772,5016494
Plainfield,NJ,51217,40.63371,-74.40737,5102720
Leesburg,VA,51209,39.11566,-77.5636,4769125
Parsippany,NJ,51144,40.85788,-74.42599,5102427
Coral Gables,FL,51117,25.72149,-80.26838,4151871
The Trails of Frisco,TX,51059,33.16087,-96.87182,13561794
The Hammocks,FL,51003,25.67149,-80.4445,4175117
Buckeye,AZ,50876,33.37032,-112.58378,5287262
Flagami,FL,50834,25.76232,-80.31616,4155529
Catalina Foothills,AZ,50796,32.29785,-110.9187,5288786
Lakewood,OH,50656,41.48199,-81.79819,5160315
North La Crosse,WI,50470,43.84635,-91.24819,5264870
Burien,WA,50467,47.47038,-122.34679,5788516
Havertown,PA,50430,39.98095,-75.30852,4558523
Logan,UT,50371,41.73549,-111.83439,5777544
South Peabody,MA,50293,42.50982,-70.94949,4951473
Aliso Viejo,CA,50195,33.56504,-117.72712,5323163
Harrisburg,PA,50183,40.2737,-76.88442,5192726
Galveston,TX,50180,29.30135,-94.7977,4692883
Poway,CA,50157,32.96282,-117.03586,5384690
Edina,MN,50138,44.88969,-93.34995,5025264
Minnetonka Mills,MN,50117,44.94107,-93.4419,5037790
Stonecrest,GA,50000,33.70849,-84.13485,11748973
